k_neighbors,mean_f1,std_f1,n_folds
3,0.5056980056980057,0.03859321135083779,3
5,0.5361474774220144,0.038199258371475545,3
7,0.473441127095432,0.018176912342747972,3
