k_neighbors,mean_f1,std_f1,n_folds
3,0.9828609096901779,0.012166880421803661,3
5,0.9828609096901779,0.012166880421803661,3
7,0.9743243243243244,0.020434767967952728,3
