k_neighbors,mean_f1,std_f1,n_folds
3,0.24261465780341987,0.07172019942850334,3
5,0.29096159011549827,0.03223388950908586,3
7,0.24171639670360898,0.0369632047950157,3
