k_neighbors,mean_f1,std_f1,n_folds
3,0.6055070919286494,0.039629388127360964,3
5,0.6032677009673649,0.03061596042204166,3
7,0.5861591793036526,0.0511002364450108,3
